Workbook

Sheet START HERE
B1: COMMUNITY SOLUTION SPRINT - JUDGING GUIDE
B3: How this works | C3: Each judge gets their own copy of this workbook. Score every team on the five criteria below, using the 1-5 scale. Weighted scores and totals calculate automatically. One tab per team.
B4: What you are judging | C4: Not which idea sounds most exciting. This is a SOLUTION Sprint - the strongest proposal is the one most capable of moving into action on Monday.
B5: Questions during pitches | C5: Clarifying questions only, under 20 seconds. Save evaluative comments for your scorecard. Five minutes per team; the timekeeper will hold a hard stop.
B6: Deliberation | C6: 4:45-4:58 PM while participants run the Monday Morning round. Bring your totals to the TALLY tab.
B8: THE FIVE CRITERIA - 20% EACH
B9: Criterion | C9: Weight | D9: What a strong answer looks like
B10: 1. Responds to a genuine community need | C10: 0.2 | D10: Is this a real, felt need? Did the team show evidence they heard it from the community rather than assuming it?
B11: 2. Reflects the community values identified this morning | C11: 0.2 | D11: Does the idea reinforce the values on the wall? Did the team name which values they are protecting - and does anything in the plan contradict them?
B12: 3. Strength and logic of the pattern stack | C12: 0.2 | D12: Did the team combine 3-5 patterns that genuinely reinforce one another? Can they explain the connections, not just list patterns?
B13: 4. Feasibility / quality of the 90-day plan | C13: 0.2 | D13: Are milestones realistic? Does every line have a named person? Is there a visible win inside 30 days?
B14: 5. Potential community impact and ability to build momentum | C14: 0.2 | D14: If this works, does it grow? Does it create capacity beyond the original team?
B16: THE 1-5 SCALE
B17: Score | C17: Label | D17: Meaning
B18: 5 | C18: Exceptional | D18: Clear evidence, specific, ready to move. Nothing significant missing.
B19: 4 | C19: Strong | D19: Well developed with minor gaps.
B20: 3 | C20: Adequate | D20: Meets the bar. Some parts still general or unproven.
B21: 2 | C21: Developing | D21: Idea is there; the reasoning or detail is thin.
B22: 1 | C22: Not yet | D22: Largely absent, assumed, or unsupported.
B24: HARD REQUIREMENT: Every team must name one person and one action happening before next Friday. A team that cannot answer this is NOT eligible for the seed award, regardless of total score.

Sheet Team 1
B1: JUDGE SCORECARD - TEAM 1
B3: Judge name: | E3: Team name:
B5: Criterion (each weighted 20%) | C5: Score 1-5 | D5: Weight | E5: Weighted / 20 | F5: Notes - what specifically earned this score?
B6: 1. Responds to a genuine community need Is this a real, felt need? Did the team show evidence they heard it from the community rather than assuming it? | D6: 0.2 | E6: =IF(C6="","",C6/5*20)
B7: 2. Reflects the community values identified this morning Does the idea reinforce the values on the wall? Did the team name which values they are protecting - and does anything in the plan contradict them? | D7: 0.2 | E7: =IF(C7="","",C7/5*20)
B8: 3. Strength and logic of the pattern stack Did the team combine 3-5 patterns that genuinely reinforce one another? Can they explain the connections, not just list patterns? | D8: 0.2 | E8: =IF(C8="","",C8/5*20)
B9: 4. Feasibility / quality of the 90-day plan Are milestones realistic? Does every line have a named person? Is there a visible win inside 30 days? | D9: 0.2 | E9: =IF(C9="","",C9/5*20)
B10: 5. Potential community impact and ability to build momentum If this works, does it grow? Does it create capacity beyond the original team? | D10: 0.2 | E10: =IF(C10="","",C10/5*20)
B11: TOTAL SCORE | E11: =SUM(E6:E10) | F11: out of 100
B13: HARD REQUIREMENT - MONDAY MORNING COMMITMENT
B14: Did the team name ONE PERSON and ONE ACTION that happens before next Friday? A team that cannot answer this is not eligible for the seed award, regardless of total score.
B15: Named person: | E15: Met? (Y/N)
B17: One sentence to the team - the single thing that would most strengthen this plan:

Sheet Team 2
B1: JUDGE SCORECARD - TEAM 2
B3: Judge name: | E3: Team name:
B5: Criterion (each weighted 20%) | C5: Score 1-5 | D5: Weight | E5: Weighted / 20 | F5: Notes - what specifically earned this score?
B6: 1. Responds to a genuine community need Is this a real, felt need? Did the team show evidence they heard it from the community rather than assuming it? | D6: 0.2 | E6: =IF(C6="","",C6/5*20)
B7: 2. Reflects the community values identified this morning Does the idea reinforce the values on the wall? Did the team name which values they are protecting - and does anything in the plan contradict them? | D7: 0.2 | E7: =IF(C7="","",C7/5*20)
B8: 3. Strength and logic of the pattern stack Did the team combine 3-5 patterns that genuinely reinforce one another? Can they explain the connections, not just list patterns? | D8: 0.2 | E8: =IF(C8="","",C8/5*20)
B9: 4. Feasibility / quality of the 90-day plan Are milestones realistic? Does every line have a named person? Is there a visible win inside 30 days? | D9: 0.2 | E9: =IF(C9="","",C9/5*20)
B10: 5. Potential community impact and ability to build momentum If this works, does it grow? Does it create capacity beyond the original team? | D10: 0.2 | E10: =IF(C10="","",C10/5*20)
B11: TOTAL SCORE | E11: =SUM(E6:E10) | F11: out of 100
B13: HARD REQUIREMENT - MONDAY MORNING COMMITMENT
B14: Did the team name ONE PERSON and ONE ACTION that happens before next Friday? A team that cannot answer this is not eligible for the seed award, regardless of total score.
B15: Named person: | E15: Met? (Y/N)
B17: One sentence to the team - the single thing that would most strengthen this plan:

Sheet Team 3
B1: JUDGE SCORECARD - TEAM 3
B3: Judge name: | E3: Team name:
B5: Criterion (each weighted 20%) | C5: Score 1-5 | D5: Weight | E5: Weighted / 20 | F5: Notes - what specifically earned this score?
B6: 1. Responds to a genuine community need Is this a real, felt need? Did the team show evidence they heard it from the community rather than assuming it? | D6: 0.2 | E6: =IF(C6="","",C6/5*20)
B7: 2. Reflects the community values identified this morning Does the idea reinforce the values on the wall? Did the team name which values they are protecting - and does anything in the plan contradict them? | D7: 0.2 | E7: =IF(C7="","",C7/5*20)
B8: 3. Strength and logic of the pattern stack Did the team combine 3-5 patterns that genuinely reinforce one another? Can they explain the connections, not just list patterns? | D8: 0.2 | E8: =IF(C8="","",C8/5*20)
B9: 4. Feasibility / quality of the 90-day plan Are milestones realistic? Does every line have a named person? Is there a visible win inside 30 days? | D9: 0.2 | E9: =IF(C9="","",C9/5*20)
B10: 5. Potential community impact and ability to build momentum If this works, does it grow? Does it create capacity beyond the original team? | D10: 0.2 | E10: =IF(C10="","",C10/5*20)
B11: TOTAL SCORE | E11: =SUM(E6:E10) | F11: out of 100
B13: HARD REQUIREMENT - MONDAY MORNING COMMITMENT
B14: Did the team name ONE PERSON and ONE ACTION that happens before next Friday? A team that cannot answer this is not eligible for the seed award, regardless of total score.
B15: Named person: | E15: Met? (Y/N)
B17: One sentence to the team - the single thing that would most strengthen this plan:

Sheet Team 4
B1: JUDGE SCORECARD - TEAM 4
B3: Judge name: | E3: Team name:
B5: Criterion (each weighted 20%) | C5: Score 1-5 | D5: Weight | E5: Weighted / 20 | F5: Notes - what specifically earned this score?
B6: 1. Responds to a genuine community need Is this a real, felt need? Did the team show evidence they heard it from the community rather than assuming it? | D6: 0.2 | E6: =IF(C6="","",C6/5*20)
B7: 2. Reflects the community values identified this morning Does the idea reinforce the values on the wall? Did the team name which values they are protecting - and does anything in the plan contradict them? | D7: 0.2 | E7: =IF(C7="","",C7/5*20)
B8: 3. Strength and logic of the pattern stack Did the team combine 3-5 patterns that genuinely reinforce one another? Can they explain the connections, not just list patterns? | D8: 0.2 | E8: =IF(C8="","",C8/5*20)
B9: 4. Feasibility / quality of the 90-day plan Are milestones realistic? Does every line have a named person? Is there a visible win inside 30 days? | D9: 0.2 | E9: =IF(C9="","",C9/5*20)
B10: 5. Potential community impact and ability to build momentum If this works, does it grow? Does it create capacity beyond the original team? | D10: 0.2 | E10: =IF(C10="","",C10/5*20)
B11: TOTAL SCORE | E11: =SUM(E6:E10) | F11: out of 100
B13: HARD REQUIREMENT - MONDAY MORNING COMMITMENT
B14: Did the team name ONE PERSON and ONE ACTION that happens before next Friday? A team that cannot answer this is not eligible for the seed award, regardless of total score.
B15: Named person: | E15: Met? (Y/N)
B17: One sentence to the team - the single thing that would most strengthen this plan:

Sheet Team 5
B1: JUDGE SCORECARD - TEAM 5
B3: Judge name: | E3: Team name:
B5: Criterion (each weighted 20%) | C5: Score 1-5 | D5: Weight | E5: Weighted / 20 | F5: Notes - what specifically earned this score?
B6: 1. Responds to a genuine community need Is this a real, felt need? Did the team show evidence they heard it from the community rather than assuming it? | D6: 0.2 | E6: =IF(C6="","",C6/5*20)
B7: 2. Reflects the community values identified this morning Does the idea reinforce the values on the wall? Did the team name which values they are protecting - and does anything in the plan contradict them? | D7: 0.2 | E7: =IF(C7="","",C7/5*20)
B8: 3. Strength and logic of the pattern stack Did the team combine 3-5 patterns that genuinely reinforce one another? Can they explain the connections, not just list patterns? | D8: 0.2 | E8: =IF(C8="","",C8/5*20)
B9: 4. Feasibility / quality of the 90-day plan Are milestones realistic? Does every line have a named person? Is there a visible win inside 30 days? | D9: 0.2 | E9: =IF(C9="","",C9/5*20)
B10: 5. Potential community impact and ability to build momentum If this works, does it grow? Does it create capacity beyond the original team? | D10: 0.2 | E10: =IF(C10="","",C10/5*20)
B11: TOTAL SCORE | E11: =SUM(E6:E10) | F11: out of 100
B13: HARD REQUIREMENT - MONDAY MORNING COMMITMENT
B14: Did the team name ONE PERSON and ONE ACTION that happens before next Friday? A team that cannot answer this is not eligible for the seed award, regardless of total score.
B15: Named person: | E15: Met? (Y/N)
B17: One sentence to the team - the single thing that would most strengthen this plan:

Sheet TALLY
B1: TALLY - THIS JUDGE
B3: Team | C3: Total / 100 | D3: Monday Morning met? | E3: Eligible? | F3: Lead comment
B4: Team 1 | C4: ='Team 1'!E11 | D4: ='Team 1'!F15 | E4: =IF(UPPER(TRIM(D4))="Y","ELIGIBLE",IF(D4="","-","NOT ELIGIBLE"))
B5: Team 2 | C5: ='Team 2'!E11 | D5: ='Team 2'!F15 | E5: =IF(UPPER(TRIM(D5))="Y","ELIGIBLE",IF(D5="","-","NOT ELIGIBLE"))
B6: Team 3 | C6: ='Team 3'!E11 | D6: ='Team 3'!F15 | E6: =IF(UPPER(TRIM(D6))="Y","ELIGIBLE",IF(D6="","-","NOT ELIGIBLE"))
B7: Team 4 | C7: ='Team 4'!E11 | D7: ='Team 4'!F15 | E7: =IF(UPPER(TRIM(D7))="Y","ELIGIBLE",IF(D7="","-","NOT ELIGIBLE"))
B8: Team 5 | C8: ='Team 5'!E11 | D8: ='Team 5'!F15 | E8: =IF(UPPER(TRIM(D8))="Y","ELIGIBLE",IF(D8="","-","NOT ELIGIBLE"))
B10: Highest eligible score: | C10: =IFERROR(MAX(IF(UPPER(TRIM(D4:D8))="Y",C4:C8)),"-") | D10: (array formula - press Ctrl+Shift+Enter in older Excel)
B12: Panel notes - deliberation 4:45-4:58 PM
